{"cameraMode":{"drawMode":0,"name":"Shaded","section":"Shading Mode"},"sceneLighting":false,"audioPlay":false,"sceneViewState":{"showFog":true,"showMaterialUpdate":false,"showSkybox":false,"showFlares":true,"showImageEffects":true,"showParticleSystems":true},"in2DMode":false,"pivot":{"x":-123.64794158935547,"y":33.73154830932617,"z":-30.197952270507814},"rotation":{"x":-0.28727540373802187,"y":0.6872745156288147,"z":-0.32688096165657046,"w":-0.5818725824356079},"size":17.335683822631837,"orthographic":false}