{"cameraMode":{"drawMode":0,"name":"Shaded","section":"Shading Mode"},"sceneLighting":false,"audioPlay":false,"sceneViewState":{"showFog":true,"showMaterialUpdate":false,"showSkybox":false,"showFlares":true,"showImageEffects":true,"showParticleSystems":true},"in2DMode":false,"pivot":{"x":-145.770263671875,"y":23.402950286865236,"z":-12.336732864379883},"rotation":{"x":-0.04269017279148102,"y":0.666194498538971,"z":-0.02847640961408615,"w":-0.7443802356719971},"size":2.575178861618042,"orthographic":false}