{"cameraMode":{"drawMode":0,"name":"Shaded","section":"Shading Mode"},"sceneLighting":false,"audioPlay":false,"sceneViewState":{"showFog":true,"showMaterialUpdate":false,"showSkybox":false,"showFlares":true,"showImageEffects":true,"showParticleSystems":true},"in2DMode":false,"pivot":{"x":-0.13190793991088868,"y":0.775993824005127,"z":-1.0541713237762452},"rotation":{"x":-0.2906792163848877,"y":-0.5565377473831177,"z":0.21637742221355439,"w":-0.7476394176483154},"size":8.67265510559082,"orthographic":false}